{"cameraMode":{"drawMode":0,"name":"Shaded","section":"Shading Mode"},"sceneLighting":true,"audioPlay":false,"sceneViewState":{"m_AlwaysRefresh":false,"showFog":true,"showSkybox":true,"showFlares":true,"showImageEffects":true,"showParticleSystems":true,"showVisualEffectGraphs":true,"m_FxEnabled":true},"in2DMode":false,"pivot":{"x":0.2823593020439148,"y":2.650991201400757,"z":6.584193229675293},"rotation":{"x":0.27727198600769045,"y":-0.05328986421227455,"z":0.015404141508042813,"w":0.959191620349884},"size":238.26658630371095,"orthographic":true}