{"cameraMode":{"drawMode":0,"name":"Shaded","section":"Shading Mode"},"sceneLighting":false,"audioPlay":false,"sceneViewState":{"m_AlwaysRefresh":false,"showFog":true,"showSkybox":false,"showFlares":true,"showImageEffects":true,"showParticleSystems":true,"showVisualEffectGraphs":true,"m_FxEnabled":true},"in2DMode":false,"pivot":{"x":-0.32525789737701418,"y":-0.47730422019958498,"z":0.5265195369720459},"rotation":{"x":0.0265286173671484,"y":0.9690301418304443,"z":-0.21446529030799867,"w":0.11977527290582657},"size":1.7953767776489258,"orthographic":false}