{"cameraMode":{"drawMode":0,"name":"Shaded","section":"Shading Mode"},"sceneLighting":false,"audioPlay":false,"sceneViewState":{"m_AlwaysRefresh":false,"showFog":true,"showSkybox":false,"showFlares":true,"showImageEffects":true,"showParticleSystems":true,"showVisualEffectGraphs":true,"m_FxEnabled":true},"in2DMode":false,"pivot":{"x":-0.5380473136901856,"y":-0.02010655403137207,"z":0.1827189028263092},"rotation":{"x":0.04406729340553284,"y":0.884982168674469,"z":-0.08547428995370865,"w":0.45565712451934817},"size":1.7145847082138062,"orthographic":false}