{"cameraMode":{"drawMode":0,"name":"Shaded","section":"Shading Mode"},"sceneLighting":false,"audioPlay":false,"sceneViewState":{"m_AlwaysRefresh":false,"showFog":true,"showSkybox":false,"showFlares":true,"showImageEffects":true,"showParticleSystems":true,"showVisualEffectGraphs":true,"m_FxEnabled":true},"in2DMode":false,"pivot":{"x":0.07352563738822937,"y":-0.8999999761581421,"z":-0.15000006556510926},"rotation":{"x":-0.23358984291553498,"y":-0.018378451466560365,"z":0.00441729323938489,"w":-0.9721564054489136},"size":0.32646504044532778,"orthographic":false}