{"cameraMode":{"drawMode":0,"name":"Shaded","section":"Shading Mode"},"sceneLighting":false,"audioPlay":false,"sceneViewState":{"m_AlwaysRefresh":false,"showFog":true,"showSkybox":false,"showFlares":true,"showImageEffects":true,"showParticleSystems":true,"showVisualEffectGraphs":true,"m_FxEnabled":true},"in2DMode":false,"pivot":{"x":-0.17267075181007386,"y":-0.29730528593063357,"z":0.9800478219985962},"rotation":{"x":-0.0723993331193924,"y":0.10659556835889816,"z":-0.007970147766172886,"w":-0.9916863441467285},"size":1.7320507764816285,"orthographic":true}