{"cameraMode":{"drawMode":0,"name":"Shaded","section":"Shading Mode"},"sceneLighting":false,"audioPlay":false,"sceneViewState":{"m_AlwaysRefresh":false,"showFog":true,"showSkybox":false,"showFlares":true,"showImageEffects":true,"showParticleSystems":true,"showVisualEffectGraphs":true,"m_FxEnabled":true},"in2DMode":false,"pivot":{"x":0.07352563738822937,"y":-0.8999999761581421,"z":0.1499999463558197},"rotation":{"x":0.38401877880096438,"y":0.1309032142162323,"z":-0.05508268624544144,"w":0.912355899810791},"size":0.32646504044532778,"orthographic":true}